{"_step": 1, "cv_mean": -21.363578066438727, "_runtime": 28.89824628829956, "_timestamp": 1594831192.677473, "cv_std": 0.16156976790446706}
