{"_step": 1, "_runtime": 49.621991872787476, "_timestamp": 1594830123.0791638, "cv_mean": -21.89301748227917, "cv_std": 0.68095893242731}
