{"cv_mean": -21.363578066438727, "_timestamp": 1594831465.148853, "_step": 1, "_runtime": 46.85100817680359, "cv_std": 0.16156976790446706}
