{"_runtime": 336.41007900238037, "_step": 1, "_timestamp": 1594831876.326035, "cv_mean": -20.66657928030786, "cv_std": 0.14140737403746273}
