{"r2_score": 0.4851873763401537, "mae": 0.18055721710472303, "mse": 0.07209438003500253}
