{"_runtime": 93.10217928886414, "_timestamp": 1594830601.7108932, "cv_mean": -21.89301748227917, "_step": 1, "cv_std": 0.68095893242731}
