{"_runtime": 51.11111497879028, "_step": 1, "_timestamp": 1594831006.132936, "cv_mean": -21.363578066438727, "cv_std": 0.16156976790446706}
