{"_step": 1, "_timestamp": 1594830302.39081, "_runtime": 50.541192054748535, "cv_mean": -21.89301748227917, "cv_std": 0.68095893242731}
