{"_runtime": 89.56640195846558, "_timestamp": 1594830443.779296, "_step": 1, "cv_mean": -21.89301748227917, "cv_std": 0.68095893242731}
